{
    "reg_mae_eval": 52.2661018371582,
    "reg_rmse_eval": 61.9623692661774,
    "clf_acc_eval": 0.49578622816032886,
    "clf_f1_eval": 0.32866191626294167,
    "reg_mae_test": 52.56945037841797,
    "reg_rmse_test": 62.257249279827846,
    "clf_acc_test": 0.4956843403205919,
    "clf_f1_test": 0.3285492247467073
}